{
  "kind": "collectionType",
  "collectionName": "categories",
  "info": {
    "singularName": "category",
    "pluralName": "categories",
    "displayName": "category"
  },
  "options": {
    "draftAndPublish": true
  },
  "pluginOptions": {},
  "attributes": {
    "title": {
      "type": "string"
    },
    "desc": {
      "type": "text"
    },
    "img": {
      "type": "media",
      "multiple": false,
      "allowedTypes": [
        "images",
        "files",
        "videos",
        "audios"
      ]
    },
    "products": {
      "type": "relation",
      "relation": "manyToMany",
      "target": "api::product.product",
      "inversedBy": "categories"
    },
    "sub_categories": {
      "type": "relation",
      "relation": "manyToMany",
      "target": "api::sub-category.sub-category",
      "inversedBy": "categories"
    }
  }
}
